Date,Link
2016-07-29,https://espn.com/FC/Americas
2016-07-29,https://espn.com/MLB/Twins/Player/Park
2016-07-29,https://espn.com/MLB/Twins
2016-07-29,https://espn.com/MLB/Twins
2016-07-29,https://trivago.com/deals/hotel/Hilton
2016-07-29,https://mlb.com/NL/Central/Cubs
2016-07-29,https://espn.com/FC/Americas
2016-07-29,https://espn.com/MLB/Twins
2016-07-29,https://mlb.com/NL/Central/Cubs
2016-07-29,https://trivago.com/deals/hotel/Hilton
2016-07-29,https://trivago.com/deals/hotel/Hilton
2016-07-29,https://espn.com/MLB/Twins
2016-07-30,https://cnn.com/Food/Chinese
2016-08-01,https://espn.com/FC/Americas
2016-08-01,https://trivago.com/deals/hotel/Hilton
2016-08-02,https://espn.com/MLB/Twins
2016-08-03,https://cnn.com/Food/Chinese
2016-08-03,https://espn.com/MLB/Twins
2016-08-03,https://espn.com/MLB/Twins
2016-08-04,https://espn.com/MLB/Twins
2016-08-04,https://trivago.com/deals/hotel/Hilton
2016-08-05,https://espn.com/MLB/Twins